Product_ID,Product_Name,Product_Price
0,Openlane,19.99
1,Yearin,9.99
2,Goodsilron,4.99
3,Condax,8.49
4,Opentech,4.79
5,Golddex,4.99
6,year-job,8.49
7,Isdom,14.19
8,Gogozoom,5.99
9,Y-corporation,19.99
10,Nam-zim,19.99
11,Donquadtech,8.49
12,Warephase,6.49
13,Donware,8.49
14,Faxquote,8.49
15,Sunnamplex,14.19
16,Lexiqvolax,6.49
17,Sumace,8.49
18,Treequote,5.99
19,Iselectrics,8.49
20,Zencorporation,5.99
21,Plusstrip,8.49
22,dambase,24.49
23,Toughzap,24.49
24,Codehow,4.79
25,Zotware,5.99
26,Statholdings,9.99
27,Conecom,4.79
28,Zathunicon,4.79
29,Labdrill,8.49
30,Ron-tech,5.99
31,Green-Plus,5.99
32,Groovestreet,8.49
33,Zoomit,14.19
34,Bioplex,8.49
35,Zumgoity,8.49
36,Scotfind,6.79
37,Dalttechnology,9.99
38,Kinnamplus,4.99
39,Konex,19.99
40,Stanredtax,24.49
41,Cancity,9.99
42,Finhigh,6.79
43,Kan-code,9.99
44,Blackzim,8.49
45,Dontechi,8.49
46,Xx-zobam,6.49
47,Fasehatice,8.49
48,Hatfan,5.99
49,Streethex,9.99
50,Inity,19.99
51,Konmatfix,19.99
52,Bioholding,6.49
53,Hottechi,5.99
54,Ganjaflex,14.19
55,Betatech,6.79
56,Domzoom,5.99
57,Ontomedia,6.49
58,Newex,19.99
59,Betasoloin,6.49
60,Mathtouch,8.49
61,Rantouch,5.99
62,Silis,24.49
63,Plussunin,8.49
64,Plexzap,5.99
65,Finjob,4.79
66,Xx-holding,6.49
67,Scottech,6.49
68,Funholding,6.49
69,Sonron,19.99
70,Singletechno,8.49
71,Rangreen,8.49
72,J-Texon,8.49
73,Rundofase,8.49
74,Doncon,24.49
75,Ron-tech,8.49
76,Green-Plus,4.99
77,Groovestreet,24.49
78,Zoomit,8.49
79,Bioplex,6.79
80,Zumgoity,19.99
81,Scotfind,6.79
82,Dalttechnology,6.49
83,Kinnamplus,4.99
84,Konex,9.99
85,Stanredtax,5.99
86,Cancity,8.49
87,Finhigh,14.19
88,Kan-code,6.49
89,Blackzim,6.49
90,Dontechi,14.19
91,Xx-zobam,4.79
